﻿REGC2018_V1_00,REGC2018_V1_00_NAME,LAND_AREA_SQ_KM,AREA_SQ_KM
1,Northland Region,12500.56115,12512.99058
2,Auckland Region,4941.572557,4942.63913
3,Waikato Region,23900.03638,24578.38716
4,Bay of Plenty Region,12071.14469,12281.0922
5,Gisborne Region,8385.826619,8385.826619
6,Hawke's Bay Region,14137.52444,14190.78789
7,Taranaki Region,7254.480433,7254.480433
8,Manawatu-Wanganui Region,22220.60839,22220.60839
9,Wellington Region,8048.552772,8119.460685
12,West Coast Region,23245.45588,23321.49525
13,Canterbury Region,44504.49909,45207.70993
14,Otago Region,31186.30919,31904.6202
15,Southland Region,31196.06036,31842.11903
16,Tasman Region,9615.976035,9649.481524
17,Nelson Region,422.195242,422.195242
18,Marlborough Region,10457.74549,10470.53586
99,Area Outside Region,798.9136536,813.2925973
