﻿UR2021_V1_00,UR2021_V1_00_NAME,UR2021_V1_00_NAME_ASCII,IUR2021_V1_00,IUR2021_V1_00_NAME,LAND_AREA_SQ_KM,AREA_SQ_KM
1001,Pukenui,Pukenui,21,Rural settlement,20.68849953,20.68849953
1002,Kaimaumau,Kaimaumau,21,Rural settlement,37.08649885,37.08649885
1003,Tokerau Beach,Tokerau Beach,21,Rural settlement,0.779613394,0.779613394
1004,Karikari,Karikari,21,Rural settlement,6.659164239,6.659164239
1005,Awanui,Awanui,21,Rural settlement,0.962381071,0.962381071
1006,Ahipara,Ahipara,21,Rural settlement,4.529441647,4.529441647
1007,Kaitāia,Kaitaia,14,Small urban area,8.478331569,8.478331569
1008,Taipā,Taipa,21,Rural settlement,0.534714216,0.534714216
1009,Cable Bay,Cable Bay,21,Rural settlement,3.634918854,3.634918854
1010,Coopers Beach,Coopers Beach,21,Rural settlement,1.722654692,1.722654692
1011,Hihi,Hihi,21,Rural settlement,1.430762072,1.430762072
1012,Mangōnui,Mangonui,21,Rural settlement,4.390321898,4.390321898
1013,Other rural Far North District,Other rural Far North District,22,Rural other,6469.61876,6469.61876
1014,Whangaroa,Whangaroa,21,Rural settlement,1.268076556,1.268076556
1015,Inlets Far North District,Inlets Far North District,32,Inlet,0,623.4424387
1016,Kāeo,Kaeo,21,Rural settlement,1.389210413,1.389210413
1017,Kohukohu,Kohukohu,21,Rural settlement,4.264263177,4.264263177
1018,Rāwene,Rawene,21,Rural settlement,2.147752533,2.147752533
1019,Opononi,Opononi,21,Rural settlement,0.496835376,0.496835376
1020,Ōmāpere,Omapere,21,Rural settlement,12.90814129,12.90814129
1021,Ōkaihau,Okaihau,21,Rural settlement,3.557676832,3.557676832
1022,Waipapa,Waipapa,21,Rural settlement,1.073414752,1.073414752
1023,Inland water Far North District,Inland water Far North District,31,Inland water,0,12.3478204
1024,Rangitāne,Rangitane,21,Rural settlement,3.746064059,3.746064059
1025,Kerikeri,Kerikeri,14,Small urban area,25.39537528,25.39537528
1026,Kaikohe,Kaikohe,14,Small urban area,5.67503559,5.67503559
1027,Kerikeri Inlet,Kerikeri Inlet,21,Rural settlement,14.12048783,14.12048783
1028,Ōhaeawai,Ohaeawai,21,Rural settlement,12.73796887,12.73796887
1029,Ngāwhā Springs,Ngawha Springs,21,Rural settlement,3.671612508,3.671612508
1030,Waitangi (Far North District),Waitangi (Far North District),21,Rural settlement,17.19079448,17.19079448
1031,Haruru,Haruru,14,Small urban area,1.527232641,1.527232641
1032,Paihia,Paihia,14,Small urban area,2.241601037,2.241601037
1033,Russell,Russell,21,Rural settlement,3.279862199,3.279862199
1034,Ōpua,Opua,14,Small urban area,5.6075291,5.6075291
1035,Moerewa,Moerewa,14,Small urban area,1.875669496,1.875669496
1036,Ōkiato,Okiato,21,Rural settlement,0.329607611,0.329607611
1037,Kawakawa,Kawakawa,14,Small urban area,1.731381088,1.731381088
1038,Ōakura-Whangaruru South,Oakura-Whangaruru South,21,Rural settlement,2.028253538,2.028253538
1039,Hikurangi,Hikurangi,14,Small urban area,4.001390616,4.001390616
1040,Other rural Whāngārei District,Other rural Whangarei District,22,Rural other,2600.025393,2600.025393
1041,Maungatāpere,Maungatapere,21,Rural settlement,1.292429055,1.292429055
1042,Matapōuri,Matapouri,21,Rural settlement,1.749029901,1.749029901
1043,Whangārei,Whangarei,12,Large urban area,57.05520359,57.05520359
1044,Ngunguru,Ngunguru,14,Small urban area,3.566929545,3.566929545
1045,Inlets Whāngārei District,Inlets Whangarei District,32,Inlet,0,142.0052536
1046,Tutukākā,Tutukaka,21,Rural settlement,6.98548628,6.98548628
1047,Pātaua,Pataua,21,Rural settlement,2.055895184,2.055895184
1048,Pārua Bay,Parua Bay,21,Rural settlement,1.867607967,1.867607967
1049,One Tree Point,One Tree Point,14,Small urban area,2.586760863,2.586760863
1050,Ruakākā,Ruakaka,14,Small urban area,15.59250942,15.59250942
1051,Whangārei Heads,Whangarei Heads,21,Rural settlement,5.159742528,5.159742528
1052,Waipū,Waipu,14,Small urban area,2.902131833,2.902131833
1053,Waipū Cove-Langs Beach,Waipu Cove-Langs Beach,21,Rural settlement,5.249849137,5.249849137
1054,Baylys Beach,Baylys Beach,21,Rural settlement,0.563257042,0.563257042
1055,Dargaville,Dargaville,14,Small urban area,12.55901036,12.55901036
1056,Te Kōpuru,Te Kopuru,21,Rural settlement,2.630844675,2.630844675
1057,Other rural Kaipara District,Other rural Kaipara District,22,Rural other,3056.255639,3056.255639
1058,Rūāwai,Ruawai,21,Rural settlement,3.205754344,3.205754344
1059,Paparoa,Paparoa,21,Rural settlement,8.741144976,8.741144976
1060,Pahi,Pahi,21,Rural settlement,5.615551935,5.615551935
1061,Maungatūroto,Maungaturoto,21,Rural settlement,3.173124446,3.173124446
1062,Kaiwaka,Kaiwaka,21,Rural settlement,7.232391734,7.232391734
1063,Mangawhai Heads,Mangawhai Heads,14,Small urban area,6.989086867,6.989086867
1064,Mangawhai,Mangawhai,21,Rural settlement,1.994541585,1.994541585
1065,Inlet Kaipara District,Inlet Kaipara District,32,Inlet,0,5.580441589
1066,Port Albert,Port Albert,21,Rural settlement,2.612999272,2.612999272
1067,Te Hana,Te Hana,21,Rural settlement,0.764235841,0.764235841
1068,Wellsford,Wellsford,14,Small urban area,4.552901514,4.552901514
1069,Kaipara Flats,Kaipara Flats,21,Rural settlement,1.525279748,1.525279748
1070,Shelly Beach,Shelly Beach,21,Rural settlement,0.307936558,0.307936558
1071,Warkworth,Warkworth,14,Small urban area,15.58175878,15.58175878
1072,Matakana,Matakana,21,Rural settlement,1.59646568,1.59646568
1073,Whangateau,Whangateau,21,Rural settlement,1.161121375,1.161121375
1074,Point Wells,Point Wells,21,Rural settlement,0.804795981,0.804795981
1075,Leigh,Leigh,21,Rural settlement,1.115515437,1.115515437
1076,Tī Point,Ti Point,21,Rural settlement,2.287934925,2.287934925
1077,Rainbows End,Rainbows End,21,Rural settlement,0.216281986,0.216281986
1078,Ōmaha,Omaha,21,Rural settlement,4.854840043,4.854840043
1079,Sandspit,Sandspit,21,Rural settlement,3.459777719,3.459777719
1080,Baddeleys Beach-Campbells Beach,Baddeleys Beach-Campbells Beach,21,Rural settlement,0.360536281,0.360536281
1081,Parakai,Parakai,14,Small urban area,1.454876446,1.454876446
1082,Snells Beach,Snells Beach,14,Small urban area,3.827841035,3.827841035
1083,Kaukapakapa,Kaukapakapa,21,Rural settlement,5.259947053,5.259947053
1084,Puhoi,Puhoi,21,Rural settlement,3.592107203,3.592107203
1085,Helensville,Helensville,14,Small urban area,3.365697035,3.365697035
1086,Scotts Landing-Mahurangi East,Scotts Landing-Mahurangi East,21,Rural settlement,2.564329108,2.564329108
1087,Algies Bay,Algies Bay,21,Rural settlement,12.80741919,12.80741919
1088,Mahurangi West,Mahurangi West,21,Rural settlement,0.266007924,0.266007924
1089,Waiwera,Waiwera,21,Rural settlement,0.553591743,0.553591743
1090,Kawau Island,Kawau Island,21,Rural settlement,21.5910984,21.5910984
1091,Waimauku,Waimauku,14,Small urban area,5.632507202,5.632507202
1092,Muriwai,Muriwai,14,Small urban area,3.015085205,3.015085205
1093,Hibiscus Coast,Hibiscus Coast,12,Large urban area,42.89921886,43.14567347
1094,Kumeū-Huapai,Kumeu-Huapai,14,Small urban area,6.322294018,6.322294018
1095,Stillwater,Stillwater,21,Rural settlement,0.443077341,0.443077341
1096,Inlets Auckland,Inlets Auckland,32,Inlet,0,1004.456111
1097,Riverhead,Riverhead,14,Small urban area,4.049621068,4.049621068
1098,Other rural Auckland,Other rural Auckland,22,Rural other,3997.880331,3997.880331
1099,Bethells Beach,Bethells Beach,21,Rural settlement,5.3666384,5.3666384
1100,Ōkura,Okura,21,Rural settlement,0.361771657,0.361771657
1101,Pāremoremo,Paremoremo,21,Rural settlement,1.275525668,1.275525668
1102,Piha,Piha,21,Rural settlement,5.238284225,5.238284225
1103,Karekare,Karekare,21,Rural settlement,6.027372039,6.027372039
1104,Inland water Auckland,Inland water Auckland,31,Inland water,0,1.066813441
1105,Huia,Huia,21,Rural settlement,3.493165034,3.493165034
1106,Parau,Parau,21,Rural settlement,1.478471417,1.478471417
1107,Medlands Beach,Medlands Beach,21,Rural settlement,6.037992746,6.037992746
1108,Auckland,Auckland,11,Major urban area,607.0737496,609.0460785
1109,Tryphena,Tryphena,21,Rural settlement,3.745297539,3.745297539
1110,Grahams Beach,Grahams Beach,21,Rural settlement,8.675477173,8.675477173
1111,Waiheke West,Waiheke West,14,Small urban area,24.58193347,24.58193347
1112,Matakawau Point,Matakawau Point,21,Rural settlement,0.663756252,0.663756252
1113,Ōmiha,Omiha,21,Rural settlement,0.630961866,0.630961866
1114,Clarks Beach,Clarks Beach,14,Small urban area,2.673528656,2.673528656
1115,Beachlands-Pine Harbour,Beachlands-Pine Harbour,14,Small urban area,8.82247687,8.92297205
1116,Maraetai,Maraetai,14,Small urban area,6.876366167,6.876366167
1117,Glenbrook Beach,Glenbrook Beach,21,Rural settlement,0.434538712,0.434538712
1118,Waiau Pā,Waiau Pa,21,Rural settlement,2.79313047,2.79313047
1119,Kingseat,Kingseat,21,Rural settlement,9.28106662,9.28106662
1120,Clevedon,Clevedon,21,Rural settlement,10.02455357,10.02455357
1121,Waiuku,Waiuku,14,Small urban area,7.709051465,7.709051465
1122,Patumāhoe,Patumahoe,14,Small urban area,1.817852311,1.817852311
1123,Paerata,Paerata,21,Rural settlement,9.166258575,9.166258575
1124,Kawakawa Bay,Kawakawa Bay,21,Rural settlement,11.37414869,11.37414869
1125,Pukekohe,Pukekohe,13,Medium urban area,32.05516448,32.05516448
1126,Ōrere Point,Orere Point,21,Rural settlement,0.801512371,0.801512371
1127,Bombay,Bombay,21,Rural settlement,5.88101574,5.88101574
1128,Coromandel,Coromandel,14,Small urban area,10.88718323,10.88718323
1129,Whangapoua,Whangapoua,21,Rural settlement,0.743896638,0.743896638
1130,Matarangi,Matarangi,21,Rural settlement,3.921487254,3.921487254
1131,Rings Beach,Rings Beach,21,Rural settlement,1.40861208,1.40861208
1132,Inlets Thames-Coromandel District,Inlets Thames-Coromandel District,32,Inlet,0,91.62561496
1133,Kuaotunu,Kuaotunu,21,Rural settlement,3.617419509,3.617419509
1134,Whitianga,Whitianga,14,Small urban area,17.34028647,17.38863898
1135,Tapu,Tapu,21,Rural settlement,4.204900156,4.204900156
1136,Cooks Beach-Ferry Landing,Cooks Beach-Ferry Landing,21,Rural settlement,2.694623511,2.694623511
1137,Waiomū,Waiomu,21,Rural settlement,3.830949861,3.830949861
1138,Other rural Thames-Coromandel District,Other rural Thames-Coromandel District,22,Rural other,2114.797493,2114.797493
1139,Te Puru,Te Puru,21,Rural settlement,1.96396226,1.96396226
1140,Thornton Bay-Ngārimu Bay,Thornton Bay-Ngarimu Bay,21,Rural settlement,0.949018183,0.949018183
1141,Hāhei,Hahei,21,Rural settlement,1.671338366,1.671338366
1142,Thames,Thames,14,Small urban area,15.54965277,15.54965277
1143,Tairua,Tairua,14,Small urban area,4.172254409,4.172254409
1144,Pāuanui,Pauanui,14,Small urban area,9.904360644,9.904360644
1145,Pūriri,Puriri,21,Rural settlement,0.997432343,0.997432343
1146,Onemana,Onemana,21,Rural settlement,0.651181908,0.651181908
1147,Whangamatā,Whangamata,14,Small urban area,8.460853603,8.460853603
1148,Kaiaua,Kaiaua,21,Rural settlement,4.669646099,4.669646099
1149,Ngatea,Ngatea,14,Small urban area,3.350318515,3.350318515
1150,Turua,Turua,21,Rural settlement,0.955438645,0.955438645
1151,Kerepēhi,Kerepehi,21,Rural settlement,2.183111006,2.183111006
1152,Other rural Hauraki District,Other rural Hauraki District,22,Rural other,1233.618278,1233.618278
1153,Paeroa,Paeroa,14,Small urban area,6.869612439,6.869612439
1154,Karangahake,Karangahake,21,Rural settlement,6.428047988,6.428047988
1155,Whiritoa,Whiritoa,21,Rural settlement,0.907782897,0.907782897
1156,Waikino,Waikino,21,Rural settlement,1.747012377,1.747012377
1157,Waihī,Waihi,14,Small urban area,9.404279242,9.404279242
1158,Port Waikato,Port Waikato,21,Rural settlement,3.784882779,3.784882779
1159,Tuakau,Tuakau,14,Small urban area,5.35471818,5.35471818
1160,Pōkeno,Pokeno,14,Small urban area,10.10315285,10.10315285
1161,Meremere,Meremere,21,Rural settlement,1.589736444,1.589736444
1162,Te Kauwhata,Te Kauwhata,14,Small urban area,8.288638179,8.288638179
1163,Inland water Waikato District,Inland water Waikato District,31,Inland water,0,47.32499771
1164,Other rural Waikato District,Other rural Waikato District,22,Rural other,4334.051928,4334.051928
1165,Inlets Waikato District,Inlets Waikato District,32,Inlet,0,65.35362035
1166,Huntly,Huntly,14,Small urban area,17.10957961,17.10957961
1167,Raglan,Raglan,14,Small urban area,4.902059226,4.902059226
1168,Taupiri,Taupiri,21,Rural settlement,1.730452252,1.730452252
1169,Ngāruawāhia,Ngaruawahia,14,Small urban area,11.98110887,11.98110887
1170,Horotiu,Horotiu,21,Rural settlement,3.230285019,3.230285019
1171,Te Kōwhai,Te Kowhai,21,Rural settlement,0.745421407,0.745421407
1172,Whatawhata,Whatawhata,21,Rural settlement,0.925337474,0.925337474
1173,Morrinsville,Morrinsville,14,Small urban area,7.780489081,7.780489081
1174,Te Aroha,Te Aroha,14,Small urban area,10.97405424,10.97405424
1175,Waitoa,Waitoa,21,Rural settlement,3.991734466,3.991734466
1176,Waihou,Waihou,21,Rural settlement,1.288626055,1.288626055
1177,Other rural Matamata-Piako District,Other rural Matamata-Piako District,22,Rural other,1723.933688,1723.933688
1178,Waharoa,Waharoa,21,Rural settlement,1.227112694,1.227112694
1179,Matamata,Matamata,14,Small urban area,6.157979665,6.157979665
1180,Hamilton,Hamilton,11,Major urban area,110.372808,110.372808
1181,Inland water Hamilton City,Inland water Hamilton City,31,Inland water,0,0.56359905
1182,Ngāhinapōuri Settlement,Ngahinapouri Settlement,21,Rural settlement,0.369208908,0.369208908
1183,Rukuhia,Rukuhia,21,Rural settlement,0.454526093,0.454526093
1184,Pirongia,Pirongia,14,Small urban area,3.269911388,3.269911388
1185,Ōhaupō,Ohaupo,21,Rural settlement,1.5416938,1.5416938
1186,Cambridge,Cambridge,13,Medium urban area,26.68645099,26.68645099
1187,Te Awamutu,Te Awamutu,13,Medium urban area,12.478463,12.478463
1188,Other rural Waipā District,Other rural Waipa District,22,Rural other,1414.207538,1414.207538
1189,Kihikihi,Kihikihi,14,Small urban area,10.09254605,10.09254605
1190,Karapiro Village,Karapiro Village,21,Rural settlement,0.964766402,0.964766402
1191,Kāwhia,Kawhia,21,Rural settlement,0.93387676,0.93387676
1192,Inlets Ōtorohanga District,Inlets Otorohanga District,32,Inlet,0,65.20307391
1193,Ōtorohanga,Otorohanga,14,Small urban area,5.074121421,5.074121421
1194,Other rural Ōtorohanga District,Other rural Otorohanga District,22,Rural other,1993.171628,1993.171628
1195,Tīrau,Tirau,21,Rural settlement,1.686521298,1.686521298
1196,Arapuni,Arapuni,21,Rural settlement,1.832506171,1.832506171
1197,Putāruru,Putaruru,14,Small urban area,6.812218133,6.812218133
1198,Other rural South Waikato District,Other rural South Waikato District,22,Rural other,1792.898994,1792.898994
1199,Tokoroa,Tokoroa,13,Medium urban area,15.64571968,15.64571968
1200,Taharoa,Taharoa,21,Rural settlement,2.552824407,2.552824407
1201,Inlet Waitomo District,Inlet Waitomo District,32,Inlet,0,13.38772054
1202,Mōkau,Mokau,21,Rural settlement,19.82502919,19.82502919
1203,Other rural Waitomo District,Other rural Waitomo District,22,Rural other,3501.457104,3501.457104
1204,Te Kūiti,Te Kuiti,14,Small urban area,8.411695605,8.411695605
1205,Piopio,Piopio,21,Rural settlement,2.009689596,2.009689596
1206,Benneydale,Benneydale,21,Rural settlement,0.576137433,0.576137433
1207,Mangakino,Mangakino,21,Rural settlement,3.209695311,3.209695311
1208,Whakamaru,Whakamaru,21,Rural settlement,1.598583661,1.598583661
1209,Ātiamuri,Atiamuri,21,Rural settlement,1.335872933,1.335872933
1210,Kinloch,Kinloch,21,Rural settlement,2.449571513,2.449571513
1211,Kuratau,Kuratau,21,Rural settlement,4.503218522,4.503218522
1212,Wairākei Village,Wairakei Village,21,Rural settlement,0.3598516,0.3598516
1213,Ōmori,Omori,21,Rural settlement,6.090441684,6.090441684
1214,Inland water Taupō District,Inland water Taupo District,31,Inland water,0,630.8019076
1215,Taupō,Taupo,13,Medium urban area,42.94501189,42.94501189
1216,Motuoapa,Motuoapa,21,Rural settlement,3.335454884,3.335454884
1217,Tūrangi,Turangi,14,Small urban area,7.532277056,7.532277056
1218,Oruatua-Te Rangiita-Waitetoko,Oruatua-Te Rangiita-Waitetoko,21,Rural settlement,2.748683204,2.748683204
1219,Five Mile Bay-Waitahanui,Five Mile Bay-Waitahanui,21,Rural settlement,14.66520148,14.66520148
1220,Other rural Taupō District,Other rural Taupo District,22,Rural other,6242.280574,6242.280574
1222,Athenree,Athenree,21,Rural settlement,1.263472005,1.263472005
1223,Tanners Point,Tanners Point,21,Rural settlement,0.447726947,0.447726947
1225,Ōngare Point-Kauri Point,Ongare Point-Kauri Point,21,Rural settlement,0.823401934,0.823401934
1226,Katikati,Katikati,14,Small urban area,9.533353437,9.533353437
1227,Fairview,Fairview,21,Rural settlement,0.824001547,0.824001547
1228,Inlets Western Bay of Plenty District,Inlets Western Bay of Plenty District,32,Inlet,0.001971088,166.3432374
1229,Ōmokoroa,Omokoroa,14,Small urban area,3.826093355,3.826093355
1231,Plummers Point,Plummers Point,21,Rural settlement,0.600044941,0.600044941
1232,Te Puna West,Te Puna West,21,Rural settlement,1.170466714,1.170466714
1233,Other rural Western Bay of Plenty District,Other rural Western Bay of Plenty District,22,Rural other,1902.66451,1902.66451
1234,Te Puke,Te Puke,14,Small urban area,13.38968398,13.38968398
1235,Maketū,Maketu,21,Rural settlement,5.154551226,5.154551226
1236,Paengaroa,Paengaroa,21,Rural settlement,1.51899276,1.51899276
1237,Pukehina Beach,Pukehina Beach,21,Rural settlement,1.566248119,1.566248119
1238,Inlet Tauranga City,Inlet Tauranga City,32,Inlet,0,39.53005614
1239,Tauranga,Tauranga,11,Major urban area,137.1363444,137.4532369
1240,Mamaku,Mamaku,21,Rural settlement,2.671751135,2.671751135
1241,Hamurana,Hamurana,21,Rural settlement,8.353674888,8.353674888
1242,Ngongotahā,Ngongotaha,14,Small urban area,12.90505177,12.90505177
1243,Ōkere Falls,Okere Falls,21,Rural settlement,1.680604171,1.680604171
1244,Mourea,Mourea,21,Rural settlement,6.532918509,6.532918509
1245,Tikitere,Tikitere,21,Rural settlement,4.240300348,4.240300348
1246,Rotorua,Rotorua,12,Large urban area,48.03545893,48.03545893
1247,Inland water Rotorua District,Inland water Rotorua District,31,Inland water,0,209.9238034
1248,Rotoiti,Rotoiti,21,Rural settlement,5.859504009,5.859504009
1249,Lake Okāreka,Lake Okareka,21,Rural settlement,1.461796357,1.461796357
1250,Other rural Rotorua District,Other rural Rotorua District,22,Rural other,2300.960021,2300.960021
1251,Lake Tarawera,Lake Tarawera,21,Rural settlement,4.498905939,4.498905939
1252,Rotomā,Rotoma,21,Rural settlement,0.721441618,0.721441618
1253,Kaingaroa,Kaingaroa,21,Rural settlement,11.28546821,11.28546821
1254,Matatā,Matata,21,Rural settlement,0.773997628,0.773997628
1255,Edgecumbe,Edgecumbe,14,Small urban area,2.006785951,2.006785951
1256,Te Teko,Te Teko,21,Rural settlement,0.376948476,0.376948476
1257,Whakatāne,Whakatane,13,Medium urban area,24.78713196,24.78713196
1258,Ōhope,Ohope,14,Small urban area,6.333527289,6.333527289
1259,Tāneatua,Taneatua,21,Rural settlement,0.686617929,0.686617929
1260,Inlet Whakatāne District,Inlet Whakatane District,32,Inlet,0,14.71364994
1261,Other rural Whakatāne District,Other rural Whakatane District,22,Rural other,4408.866484,4408.866484
1262,Murupara,Murupara,14,Small urban area,6.259941063,6.259941063
1263,Kawerau,Kawerau,14,Small urban area,23.56207518,23.56207518
1264,Inlet Ōpōtiki District,Inlet Opotiki District,32,Inlet,0,10.84862001
1265,Ōhiwa,Ohiwa,21,Rural settlement,3.958812528,3.958812528
1266,Ōpōtiki,Opotiki,14,Small urban area,10.20213378,10.20213378
1267,Te Kaha,Te Kaha,21,Rural settlement,16.17170091,16.17170091
1268,Other rural Ōpōtiki District,Other rural Opotiki District,22,Rural other,3059.451748,3059.451748
1269,Hicks Bay,Hicks Bay,21,Rural settlement,1.284695444,1.284695444
1270,Te Araroa,Te Araroa,21,Rural settlement,1.690637607,1.690637607
1271,Ruatōria,Ruatoria,21,Rural settlement,13.18740047,13.18740047
1272,Other rural Gisborne District,Other rural Gisborne District,22,Rural other,8301.202177,8301.202177
1273,Te Karaka,Te Karaka,21,Rural settlement,2.920546791,2.920546791
1274,Tokomaru Bay,Tokomaru Bay,21,Rural settlement,8.378615586,8.378615586
1275,Pātūtahi,Patutahi,21,Rural settlement,3.115680313,3.115680313
1276,Manutūkē,Manutuke,21,Rural settlement,9.806484473,9.806484473
1277,Tolaga Bay,Tolaga Bay,21,Rural settlement,7.538027602,7.538027602
1278,Gisborne,Gisborne,12,Large urban area,36.1685611,36.1685611
1279,Inland water Wairoa District,Inland water Wairoa District,31,Inland water,0,51.79730139
1280,Tūai,Tuai,21,Rural settlement,21.98583266,21.98583266
1281,Other rural Wairoa District,Other rural Wairoa District,22,Rural other,4042.022061,4042.022061
1282,Frasertown,Frasertown,21,Rural settlement,1.364965387,1.364965387
1283,Wairoa,Wairoa,14,Small urban area,7.567714622,7.567714622
1284,Nūhaka,Nuhaka,21,Rural settlement,1.463284753,1.463284753
1285,Mahia Beach,Mahia Beach,21,Rural settlement,4.045904471,4.045904471
1286,Other rural Hastings District,Other rural Hastings District,22,Rural other,5150.365523,5150.365523
1287,Whirinaki,Whirinaki,21,Rural settlement,1.226050258,1.226050258
1288,Hastings,Hastings,12,Large urban area,24.42660654,24.42660654
1289,Clive,Clive,14,Small urban area,14.82516217,14.82516217
1290,Whakatū,Whakatu,21,Rural settlement,3.754150373,3.754150373
1291,Haumoana,Haumoana,21,Rural settlement,4.916088223,4.916088223
1292,Havelock North,Havelock North,13,Medium urban area,22.5180567,22.5180567
1293,Te Awanga,Te Awanga,21,Rural settlement,2.9081518,2.9081518
1294,Waimārama,Waimarama,21,Rural settlement,1.634381276,1.634381276
1295,Inlet Napier City,Inlet Napier City,32,Inlet,0,0.723299799
1296,Napier,Napier,12,Large urban area,105.0509971,105.2167434
1297,Tikokino,Tikokino,21,Rural settlement,0.777035877,0.777035877
1298,Ongaonga,Ongaonga,21,Rural settlement,10.53483885,10.53483885
1299,Takapau,Takapau,21,Rural settlement,3.1802402,3.1802402
1300,Ōtāne,Otane,21,Rural settlement,0.938139004,0.938139004
1301,Waipāwa,Waipawa,14,Small urban area,6.801761665,6.801761665
1302,Waipukurau,Waipukurau,14,Small urban area,8.037040422,8.037040422
1303,Other rural Central Hawke's Bay District,Other rural Central Hawke's Bay District,22,Rural other,3302.442005,3302.442005
1304,Pōrangahau,Porangahau,21,Rural settlement,0.429172383,0.429172383
1305,Ōakura (New Plymouth District),Oakura (New Plymouth District),14,Small urban area,1.677176324,1.677176324
1306,Ōkato,Okato,21,Rural settlement,1.024422892,1.024422892
1307,New Plymouth,New Plymouth,12,Large urban area,75.48777695,75.48777695
1308,Waitara,Waitara,14,Small urban area,5.661797222,5.661797222
1309,Lepperton,Lepperton,21,Rural settlement,7.62566233,7.62566233
1310,Egmont Village,Egmont Village,21,Rural settlement,1.444811471,1.444811471
1311,Ōnaero Beach,Onaero Beach,21,Rural settlement,0.153481095,0.153481095
1312,Urenui,Urenui,21,Rural settlement,3.649055333,3.649055333
1313,Inglewood,Inglewood,14,Small urban area,2.944358779,2.944358779
1314,Other rural New Plymouth District,Other rural New Plymouth District,22,Rural other,2105.92896,2105.92896
1315,Midhirst,Midhirst,21,Rural settlement,1.824585103,1.824585103
1316,Stratford,Stratford,14,Small urban area,8.537800193,8.537800193
1317,Other rural Stratford District,Other rural Stratford District,22,Rural other,2153.060008,2153.060008
1318,Ōpunake,Opunake,14,Small urban area,3.774416504,3.774416504
1319,Kaponga,Kaponga,21,Rural settlement,1.555728207,1.555728207
1320,Manaia,Manaia,21,Rural settlement,2.545688568,2.545688568
1321,Eltham,Eltham,14,Small urban area,3.419456197,3.419456197
1322,Ōhāwe,Ohawe,21,Rural settlement,0.90262812,0.90262812
1323,Normanby,Normanby,21,Rural settlement,1.06466351,1.06466351
1324,Hāwera,Hawera,14,Small urban area,25.18312064,25.18312064
1325,Other rural South Taranaki District,Other rural South Taranaki District,22,Rural other,3527.681782,3527.681782
1326,Pātea,Patea,14,Small urban area,6.170441865,6.170441865
1327,Waverley,Waverley,21,Rural settlement,2.276086851,2.276086851
1328,Waitōtara,Waitotara,21,Rural settlement,0.248146817,0.248146817
1329,Waiinu Beach,Waiinu Beach,21,Rural settlement,0.248575968,0.248575968
1330,Ōhura,Ohura,21,Rural settlement,3.244466518,3.244466518
1331,Taumarunui,Taumarunui,14,Small urban area,13.65474888,13.65474888
1332,Ōwhango,Owhango,21,Rural settlement,0.606648557,0.606648557
1333,Other rural Ruapehu District,Other rural Ruapehu District,22,Rural other,6699.056193,6699.056193
1334,Raurimu,Raurimu,21,Rural settlement,0.87928673,0.87928673
1335,National Park,National Park,21,Rural settlement,0.891839385,0.891839385
1336,Raetihi,Raetihi,14,Small urban area,3.859525551,3.859525551
1337,Ōhakune,Ohakune,14,Small urban area,6.440492672,6.440492672
1338,Rangataua,Rangataua,21,Rural settlement,0.77177655,0.77177655
1339,Waiōuru,Waiouru,21,Rural settlement,5.01060582,5.01060582
1340,Kai Iwi,Kai Iwi,21,Rural settlement,0.876072523,0.876072523
1341,Other rural Whanganui District,Other rural Whanganui District,22,Rural other,2332.033797,2332.033797
1342,Whanganui,Whanganui,12,Large urban area,40.34908506,40.34908506
1343,Rātana,Ratana,21,Rural settlement,0.209816765,0.209816765
1344,Koitiata,Koitiata,21,Rural settlement,0.211732252,0.211732252
1345,Other rural Rangitīkei District,Other rural Rangitikei District,22,Rural other,4454.446861,4454.446861
1346,Taihape,Taihape,14,Small urban area,4.934415112,4.934415112
1347,Marton,Marton,14,Small urban area,13.59270507,13.59270507
1348,Hunterville,Hunterville,21,Rural settlement,3.218765561,3.218765561
1349,Mangaweka,Mangaweka,21,Rural settlement,0.469215883,0.469215883
1350,Bulls,Bulls,14,Small urban area,6.828774816,6.828774816
1351,Tangimoana,Tangimoana,21,Rural settlement,0.526847213,0.526847213
1352,Ōhakea,Ohakea,21,Rural settlement,6.058750474,6.058750474
1353,Halcombe,Halcombe,21,Rural settlement,4.137587865,4.137587865
1354,Sanson,Sanson,21,Rural settlement,0.604448138,0.604448138
1355,Himatangi Beach,Himatangi Beach,21,Rural settlement,0.954047193,0.954047193
1356,Rongotea,Rongotea,21,Rural settlement,0.581598043,0.581598043
1357,Feilding,Feilding,13,Medium urban area,23.59272936,23.59272936
1358,Other rural Manawatū District,Other rural Manawatu District,22,Rural other,2520.584688,2520.584688
1359,Kimbolton,Kimbolton,21,Rural settlement,1.319499553,1.319499553
1360,Pohangina,Pohangina,21,Rural settlement,5.809615358,5.809615358
1361,Hiwinui,Hiwinui,21,Rural settlement,2.41662631,2.41662631
1362,Bunnythorpe,Bunnythorpe,21,Rural settlement,4.261718763,4.261718763
1363,Longburn,Longburn,21,Rural settlement,0.935845279,0.935845279
1364,Palmerston North,Palmerston North,12,Large urban area,76.98434363,76.98434363
1365,Ashhurst,Ashhurst,14,Small urban area,4.207277961,4.207277961
1366,Other rural Palmerston North City,Other rural Palmerston North City,22,Rural other,308.3538902,308.3538902
1367,Woodville,Woodville,14,Small urban area,4.039404825,4.039404825
1368,Norsewood,Norsewood,21,Rural settlement,0.375925343,0.375925343
1369,Dannevirke,Dannevirke,14,Small urban area,6.809279589,6.809279589
1370,Pahiatua,Pahiatua,14,Small urban area,3.877107904,3.877107904
1371,Ormondville,Ormondville,21,Rural settlement,0.287756397,0.287756397
1372,Eketāhuna,Eketahuna,21,Rural settlement,4.182871996,4.182871996
1373,Other rural Tararua District,Other rural Tararua District,22,Rural other,4343.945019,4343.945019
1374,Pongaroa,Pongaroa,21,Rural settlement,1.094239061,1.094239061
1375,Foxton Beach,Foxton Beach,14,Small urban area,2.641810481,2.641810481
1376,Waitārere Beach,Waitarere Beach,21,Rural settlement,1.625985336,1.625985336
1377,Foxton,Foxton,14,Small urban area,11.55785032,11.55785032
1378,Hōkio Beach,Hokio Beach,21,Rural settlement,0.923162383,0.923162383
1379,Waikawa Beach,Waikawa Beach,21,Rural settlement,1.503285594,1.503285594
1380,Ōhau,Ohau,21,Rural settlement,6.101173903,6.101173903
1381,Levin,Levin,13,Medium urban area,22.43423807,22.43423807
1382,Other rural Horowhenua District,Other rural Horowhenua District,22,Rural other,1002.028491,1002.028491
1383,Shannon,Shannon,14,Small urban area,2.944011652,2.944011652
1384,Tokomaru,Tokomaru,21,Rural settlement,2.537190321,2.537190321
1385,Manakau,Manakau,21,Rural settlement,5.664440919,5.664440919
1386,Mangaore,Mangaore,21,Rural settlement,3.944501985,3.944501985
1387,Ōtaki Beach,Otaki Beach,14,Small urban area,3.360545155,3.360545155
1388,Te Horo Beach,Te Horo Beach,21,Rural settlement,0.331212326,0.331212326
1389,Ōtaki,Otaki,14,Small urban area,9.196907226,9.196907226
1390,Waikanae,Waikanae,13,Medium urban area,29.61396784,29.61396784
1391,Paraparaumu,Paraparaumu,13,Medium urban area,28.60622739,28.60622739
1392,Paekākāriki,Paekakariki,14,Small urban area,5.914159139,5.914159139
1393,Other rural Kapiti Coast District,Other rural Kapiti Coast District,22,Rural other,654.4970662,654.4970662
1394,Porirua,Porirua,12,Large urban area,60.98859227,61.39456884
1395,Inlet Porirua City,Inlet Porirua City,32,Inlet,0,7.254801535
1396,Other rural Porirua City,Other rural Porirua City,22,Rural other,113.8240466,113.8240466
1397,Other rural Upper Hutt City,Other rural Upper Hutt City,22,Rural other,488.7158918,488.7158918
1398,Upper Hutt,Upper Hutt,12,Large urban area,51.16021112,51.16021112
1399,Lower Hutt,Lower Hutt,11,Major urban area,78.51607071,78.64433967
1400,Other rural Lower Hutt City,Other rural Lower Hutt City,22,Rural other,297.887501,297.887501
1401,Other rural Wellington City,Other rural Wellington City,22,Rural other,177.5543254,177.5543254
1402,Wellington,Wellington,11,Major urban area,112.3557202,112.4919049
1403,Masterton,Masterton,13,Medium urban area,21.53761826,21.53761826
1404,Other rural Masterton District,Other rural Masterton District,22,Rural other,2277.856747,2277.856747
1405,Castlepoint,Castlepoint,21,Rural settlement,0.813520854,0.813520854
1406,Carterton,Carterton,14,Small urban area,5.29754817,5.29754817
1407,Other rural Carterton District,Other rural Carterton District,22,Rural other,1174.611784,1174.611784
1408,Featherston,Featherston,14,Small urban area,3.189577467,3.189577467
1409,Inland water South Wairarapa District,Inland water South Wairarapa District,31,Inland water,0,70.08799125
1410,Greytown,Greytown,14,Small urban area,5.068975268,5.068975268
1411,Martinborough,Martinborough,14,Small urban area,4.499413163,4.499413163
1412,Other rural South Wairarapa District,Other rural South Wairarapa District,22,Rural other,2374.99734,2374.99734
1413,Three Kings Islands,Three Kings Islands,22,Rural other,4.966433951,4.966433951
1414,Inlets Northland Region,Inlets Northland Region,32,Inlet,0,504.028133
1415,Inlets Waikato Region,Inlets Waikato Region,32,Inlet,0,9.546282589
1416,Inlet Taranaki Region,Inlet Taranaki Region,32,Inlet,0,1.850484126
1417,Islands Bay of Plenty Region,Islands Bay of Plenty Region,22,Rural other,24.87847098,24.87847098
1418,Inlet Hawke's Bay Region,Inlet Hawke's Bay Region,32,Inlet,0,0.23113523
1419,Inlet Wellington Region,Inlet Wellington Region,32,Inlet,0,85.37146134
1420,Island Hawke's Bay Region,Island Hawke's Bay Region,22,Rural other,0.131629333,0.131629333
1421,Waihī Beach-Bowentown,Waihi Beach-Bowentown,14,Small urban area,6.313991473,6.313991473
2001,Collingwood,Collingwood,21,Rural settlement,1.719650539,1.719650539
2002,Parapara,Parapara,21,Rural settlement,0.689788991,0.689788991
2003,Inlets Tasman District,Inlets Tasman District,32,Inlet,0,147.5997743
2004,Tākaka,Takaka,14,Small urban area,12.51704766,12.51704766
2005,Ligar Bay,Ligar Bay,21,Rural settlement,2.238681793,2.238681793
2006,Pōhara,Pohara,21,Rural settlement,8.062569719,8.062569719
2007,Mārahau,Marahau,21,Rural settlement,6.143811622,6.143811622
2008,Kaiteriteri,Kaiteriteri,21,Rural settlement,3.5512474,3.5512474
2009,Rīwaka,Riwaka,21,Rural settlement,5.492118511,5.492118511
2010,Motueka,Motueka,14,Small urban area,13.66324553,13.66324553
2011,Other rural Tasman District,Other rural Tasman District,22,Rural other,9495.734101,9495.734101
2012,Tasman,Tasman,21,Rural settlement,6.544314644,6.544314644
2013,Tapawera,Tapawera,21,Rural settlement,6.141193102,6.141193102
2014,Ruby Bay,Ruby Bay,21,Rural settlement,2.96175644,2.96175644
2015,Murchison,Murchison,21,Rural settlement,4.336217499,4.336217499
2016,Māpua,Mapua,14,Small urban area,2.316484709,2.316484709
2017,Wakefield,Wakefield,14,Small urban area,9.923167626,9.923167626
2018,Brightwater,Brightwater,14,Small urban area,4.66708277,4.66708277
2019,Hope,Hope,14,Small urban area,7.544072434,7.544072434
2020,Richmond,Richmond,13,Medium urban area,17.36849706,17.36849706
2021,Inland water Tasman District,Inland water Tasman District,31,Inland water,0,33.51015422
2022,St Arnaud,St Arnaud,21,Rural settlement,6.288708168,6.288708168
2023,Inlets Nelson City,Inlets Nelson City,32,Inlet,0,25.01794151
2024,Nelson,Nelson,12,Large urban area,54.33194022,54.33194022
2025,Other rural Nelson City,Other rural Nelson City,22,Rural other,366.3887878,366.3887878
2026,Ōkiwi Bay,Okiwi Bay,21,Rural settlement,1.08155186,1.08155186
2027,Rai Valley,Rai Valley,21,Rural settlement,27.97465077,27.97465077
2028,Havelock,Havelock,21,Rural settlement,1.672903536,1.672903536
2029,Inlets Marlborough District,Inlets Marlborough District,32,Inlet,0,314.9456694
2030,Anakiwa,Anakiwa,21,Rural settlement,1.167936872,1.167936872
2031,Wairau Valley,Wairau Valley,21,Rural settlement,3.498426317,3.498426317
2032,Ngākuta Bay,Ngakuta Bay,21,Rural settlement,0.314134376,0.314134376
2033,Picton,Picton,14,Small urban area,9.164568848,9.164568848
2034,Other rural Marlborough District,Other rural Marlborough District,22,Rural other,10362.18593,10362.18593
2035,Renwick,Renwick,14,Small urban area,2.319642766,2.319642766
2036,Tuamarina,Tuamarina,21,Rural settlement,9.684155187,9.684155187
2037,Woodbourne,Woodbourne,21,Rural settlement,3.791335348,3.791335348
2038,Spring Creek,Spring Creek,21,Rural settlement,3.301846382,3.301846382
2039,Marlborough Ridge,Marlborough Ridge,21,Rural settlement,1.512957756,1.512957756
2040,Rārangi,Rarangi,21,Rural settlement,4.818540392,4.818540392
2041,Grovetown,Grovetown,21,Rural settlement,2.887566099,2.887566099
2042,Blenheim,Blenheim,13,Medium urban area,17.2043269,17.2043269
2043,Seddon,Seddon,21,Rural settlement,1.661782426,1.661782426
2044,Inland water Marlborough District,Inland water Marlborough District,31,Inland water,0,12.7916811
2045,Ward,Ward,21,Rural settlement,3.555824439,3.555824439
2046,Other rural Kaikōura District,Other rural Kaikoura District,22,Rural other,2037.529448,2037.529448
2047,Kaikōura,Kaikoura,14,Small urban area,9.28272907,9.28272907
2048,Karamea,Karamea,21,Rural settlement,66.07682341,66.07682341
2049,Inlets Buller District,Inlets Buller District,32,Inlet,0,6.354315676
2050,Carters Beach,Carters Beach,21,Rural settlement,0.58653428,0.58653428
2051,Westport,Westport,14,Small urban area,11.53102642,11.53102642
2052,Ngākawau,Ngakawau,21,Rural settlement,2.531815505,2.531815505
2053,Granity,Granity,21,Rural settlement,1.957140434,1.957140434
2054,Waimangaroa,Waimangaroa,21,Rural settlement,1.57430995,1.57430995
2055,Other rural Buller District,Other rural Buller District,22,Rural other,7856.44325,7856.44325
2056,Reefton,Reefton,14,Small urban area,2.626417083,2.626417083
2057,Rūnanga,Runanga,14,Small urban area,4.505154201,4.505154201
2058,Greymouth,Greymouth,14,Small urban area,27.83639681,27.83639681
2059,Blackball,Blackball,21,Rural settlement,1.935331053,1.935331053
2060,Dobson,Dobson,21,Rural settlement,4.187426325,4.187426325
2061,Ahaura,Ahaura,21,Rural settlement,0.386320648,0.386320648
2062,Other rural Grey District,Other rural Grey District,22,Rural other,3414.280209,3414.280209
2063,Moana,Moana,21,Rural settlement,0.58282035,0.58282035
2064,Inland water Grey District,Inland water Grey District,31,Inland water,0,41.14470401
2065,Gloriavale,Gloriavale,21,Rural settlement,20.73284066,20.73284066
2066,Haast,Haast,21,Rural settlement,0.572775435,0.572775435
2067,Inlets Westland District,Inlets Westland District,32,Inlet,0,26.34156938
2068,Hokitika,Hokitika,14,Small urban area,3.905503276,3.905503276
2069,Kaniere,Kaniere,21,Rural settlement,1.304998676,1.304998676
2070,Ross,Ross,21,Rural settlement,8.709454733,8.709454733
2071,Kūmara,Kumara,21,Rural settlement,2.694491249,2.694491249
2072,Inland water Westland District,Inland water Westland District,31,Inland water,0,34.90252107
2073,Fox Glacier,Fox Glacier,21,Rural settlement,1.916580943,1.916580943
2074,Other rural Westland District,Other rural Westland District,22,Rural other,11752.98075,11752.98075
2075,Franz Josef,Franz Josef,21,Rural settlement,5.310048826,5.310048826
2076,Harihari,Harihari,21,Rural settlement,50.43150137,50.43150137
2077,Inland water Hurunui District,Inland water Hurunui District,31,Inland water,0,13.53773114
2078,Hanmer Springs,Hanmer Springs,21,Rural settlement,4.233378417,4.233378417
2079,Other rural Hurunui District,Other rural Hurunui District,22,Rural other,8625.25498,8625.25498
2080,Rotherham,Rotherham,21,Rural settlement,0.563334088,0.563334088
2081,Culverden,Culverden,21,Rural settlement,1.037254186,1.037254186
2082,Hawarden,Hawarden,21,Rural settlement,0.977160549,0.977160549
2083,Waiau,Waiau,21,Rural settlement,0.973086315,0.973086315
2084,Waikari,Waikari,21,Rural settlement,0.791735215,0.791735215
2085,Waipara,Waipara,21,Rural settlement,0.593259361,0.593259361
2086,Amberley,Amberley,14,Small urban area,3.629436405,3.629436405
2087,Leithfield,Leithfield,21,Rural settlement,1.289517759,1.289517759
2088,Amberley Beach,Amberley Beach,21,Rural settlement,0.270947251,0.270947251
2089,Cheviot,Cheviot,21,Rural settlement,1.054725955,1.054725955
2090,Leithfield Beach,Leithfield Beach,21,Rural settlement,0.291048079,0.291048079
2091,Oxford,Oxford,14,Small urban area,11.81747088,11.81747088
2092,Other rural Waimakariri District,Other rural Waimakariri District,22,Rural other,2151.447717,2151.447717
2093,Cust,Cust,21,Rural settlement,2.781553409,2.781553409
2094,Ashley,Ashley,21,Rural settlement,4.660072992,4.660072992
2095,Sefton,Sefton,21,Rural settlement,0.87479414,0.87479414
2096,Rangiora,Rangiora,13,Medium urban area,15.25161906,15.25161906
2097,Waikuku,Waikuku,21,Rural settlement,1.597356452,1.597356452
2098,Waikuku Beach,Waikuku Beach,21,Rural settlement,1.298687578,1.298687578
2099,Woodend,Woodend,14,Small urban area,3.486723891,3.486723891
2100,Pegasus,Pegasus,14,Small urban area,6.336797287,6.336797287
2101,Woodend Beach,Woodend Beach,21,Rural settlement,2.624129864,2.624129864
2102,Kaiapoi,Kaiapoi,13,Medium urban area,14.35500481,14.35500481
2103,The Pines Beach,The Pines Beach,21,Rural settlement,0.596418102,0.596418102
2105,Spencerville,Spencerville,21,Rural settlement,0.336157242,0.336157242
2106,Christchurch,Christchurch,11,Major urban area,295.1457516,295.1457516
2107,Governors Bay,Governors Bay,21,Rural settlement,3.219759593,3.219759593
2108,Lyttelton,Lyttelton,14,Small urban area,4.454905083,4.454905083
2109,Diamond Harbour,Diamond Harbour,14,Small urban area,4.065221119,4.065221119
2110,Pūrau,Purau,21,Rural settlement,0.212315059,0.212315059
2111,Inland water Christchurch City,Inland water Christchurch City,31,Inland water,0,69.55976536
2112,Other rural Christchurch City,Other rural Christchurch City,22,Rural other,1094.949284,1094.949284
2113,Inlets Christchurch City,Inlets Christchurch City,32,Inlet,0,123.6047218
2114,Birdlings Flat,Birdlings Flat,21,Rural settlement,0.439234902,0.439234902
2115,Little River,Little River,21,Rural settlement,2.638244834,2.638244834
2116,Duvauchelle,Duvauchelle,21,Rural settlement,1.647715808,1.647715808
2117,Takamatua,Takamatua,21,Rural settlement,6.299034434,6.299034434
2118,Akaroa,Akaroa,21,Rural settlement,2.029935231,2.029935231
2119,Arthurs Pass,Arthurs Pass,21,Rural settlement,0.271943498,0.271943498
2120,Castle Hill,Castle Hill,21,Rural settlement,0.614296221,0.614296221
2121,Other rural Selwyn District,Other rural Selwyn District,22,Rural other,6302.246378,6302.246378
2122,Springfield,Springfield,21,Rural settlement,1.888566479,1.888566479
2123,Malvern Hills-Whitecliffs,Malvern Hills-Whitecliffs,21,Rural settlement,1.241956025,1.241956025
2124,Sheffield and Waddington,Sheffield and Waddington,21,Rural settlement,0.775433498,0.775433498
2125,Glentunnel,Glentunnel,21,Rural settlement,0.207946342,0.207946342
2126,Coalgate,Coalgate,21,Rural settlement,0.747424811,0.747424811
2127,Hororata,Hororata,21,Rural settlement,1.173324798,1.173324798
2128,Darfield,Darfield,14,Small urban area,15.1433417,15.1433417
2129,Kirwee,Kirwee,21,Rural settlement,3.680763215,3.680763215
2130,West Melton,West Melton,14,Small urban area,5.31942056,5.31942056
2131,Dunsandel,Dunsandel,21,Rural settlement,1.936198577,1.936198577
2132,Burnham Camp,Burnham Camp,21,Rural settlement,1.493942073,1.493942073
2133,Inland water Selwyn District,Inland water Selwyn District,31,Inland water,0,171.7386137
2134,Rolleston,Rolleston,13,Medium urban area,22.07562808,22.07562808
2135,Prebbleton,Prebbleton,14,Small urban area,5.099158576,5.099158576
2136,Springston,Springston,21,Rural settlement,0.367740714,0.367740714
2137,Leeston,Leeston,14,Small urban area,2.436670398,2.436670398
2138,Doyleston,Doyleston,21,Rural settlement,0.603664894,0.603664894
2139,Lincoln,Lincoln,14,Small urban area,9.055343231,9.055343231
2140,Southbridge,Southbridge,21,Rural settlement,2.219548387,2.219548387
2141,Selwyn Huts,Selwyn Huts,21,Rural settlement,0.128362388,0.128362388
2142,Tai Tapu,Tai Tapu,21,Rural settlement,2.420820633,2.420820633
2143,Inland water Ashburton District,Inland water Ashburton District,31,Inland water,0,7.82816566
2144,Other rural Ashburton District,Other rural Ashburton District,22,Rural other,6110.844289,6110.844289
2145,Mount Somers,Mount Somers,21,Rural settlement,2.597316828,2.597316828
2146,Methven,Methven,14,Small urban area,4.18281964,4.18281964
2147,Hinds,Hinds,21,Rural settlement,2.184035767,2.184035767
2148,Ashburton,Ashburton,13,Medium urban area,37.93410181,37.93410181
2149,Rākaia,Rakaia,14,Small urban area,11.30140458,11.30140458
2150,Lake Hood,Lake Hood,21,Rural settlement,12.64273806,12.64273806
2151,Other rural Timaru District,Other rural Timaru District,22,Rural other,2670.630387,2670.630387
2152,Woodbury,Woodbury,21,Rural settlement,0.259890339,0.259890339
2153,Geraldine,Geraldine,14,Small urban area,3.124289159,3.124289159
2154,Cave,Cave,21,Rural settlement,1.238414657,1.238414657
2155,Ōrarī,Orari,21,Rural settlement,3.169251203,3.169251203
2156,Pleasant Point,Pleasant Point,14,Small urban area,5.20894214,5.20894214
2157,Winchester,Winchester,21,Rural settlement,0.678942789,0.678942789
2158,Temuka,Temuka,14,Small urban area,8.354368772,8.354368772
2159,Waipōpō,Waipopo,21,Rural settlement,0.251213665,0.251213665
2160,Milford Huts,Milford Huts,21,Rural settlement,1.177934955,1.177934955
2161,Timaru,Timaru,13,Medium urban area,33.98354736,34.11948669
2162,Inlet Timaru District,Inlet Timaru District,32,Inlet,0,0.490294946
2163,Pareora,Pareora,21,Rural settlement,4.329244805,4.329244805
2164,Mt Cook Village,Mt Cook Village,21,Rural settlement,9.681291248,9.681291248
2165,Inland water Mackenzie District,Inland water Mackenzie District,31,Inland water,0,303.7817024
2166,Other rural Mackenzie District,Other rural Mackenzie District,22,Rural other,7098.857325,7098.857325
2167,Tekapō,Tekapo,21,Rural settlement,4.191307193,4.191307193
2168,Twizel,Twizel,14,Small urban area,21.07704589,21.07704589
2169,Fairlie,Fairlie,21,Rural settlement,4.953295111,4.953295111
2170,Inland water Waimate District,Inland water Waimate District,31,Inland water,0,28.67311204
2171,Other rural Waimate District,Other rural Waimate District,22,Rural other,3543.112576,3543.112576
2172,St Andrews,St Andrews,21,Rural settlement,0.590451316,0.590451316
2173,Mākikihi,Makikihi,21,Rural settlement,0.334976459,0.334976459
2174,Waimate,Waimate,14,Small urban area,8.008094579,8.008094579
2175,Glenavy,Glenavy,21,Rural settlement,2.400372155,2.400372155
2176,Inlet Chatham Islands,Inlet Chatham Islands,32,Inlet,0,185.5879979
2177,Waitangi (Chatham Islands),Waitangi (Chatham Islands),21,Rural settlement,4.857507469,4.857507469
2178,Other rural Chatham Islands,Other rural Chatham Islands,22,Rural other,789.0149322,789.0149322
2179,Inland water Chatham Islands,Inland water Chatham Islands,31,Inland water,0,14.39055846
2180,Inland water Waitaki District,Inland water Waitaki District,31,Inland water,0,108.5476854
2181,Ōmārama,Omarama,21,Rural settlement,8.30457885,8.30457885
2182,Otematata,Otematata,21,Rural settlement,2.42867547,2.42867547
2183,Other rural Waitaki District,Other rural Waitaki District,22,Rural other,7041.943463,7041.943463
2184,Kurow,Kurow,21,Rural settlement,4.906491027,4.906491027
2185,Duntroon,Duntroon,21,Rural settlement,5.132987959,5.132987959
2186,Maheno,Maheno,21,Rural settlement,0.561134115,0.561134115
2187,Oamaru,Oamaru,13,Medium urban area,21.45968282,21.45968282
2188,Herbert,Herbert,21,Rural settlement,1.107484875,1.107484875
2189,Inlet Waitaki District,Inlet Waitaki District,32,Inlet,0,0.232336053
2190,Kakanui,Kakanui,21,Rural settlement,2.024418338,2.024418338
2191,Hampden,Hampden,21,Rural settlement,2.556485359,2.556485359
2192,Moeraki,Moeraki,21,Rural settlement,8.5340157,8.5340157
2193,Palmerston,Palmerston,21,Rural settlement,8.772256086,8.772256086
2194,Pisa Moorings,Pisa Moorings,21,Rural settlement,1.346300627,1.346300627
2195,Cromwell,Cromwell,14,Small urban area,15.62954927,15.62954927
2196,Bannockburn,Bannockburn,21,Rural settlement,16.90709615,16.90709615
2197,Clyde,Clyde,14,Small urban area,2.081531478,2.081531478
2198,Inland water Central Otago District,Inland water Central Otago District,31,Inland water,0,35.03508739
2199,Omakau,Omakau,21,Rural settlement,21.47581737,21.47581737
2200,Alexandra,Alexandra,14,Small urban area,9.760403003,9.760403003
2201,Other rural Central Otago District,Other rural Central Otago District,22,Rural other,9849.512089,9849.512089
2202,Lake Roxburgh Village,Lake Roxburgh Village,21,Rural settlement,0.685235059,0.685235059
2203,Roxburgh,Roxburgh,21,Rural settlement,2.06066016,2.06066016
2204,Naseby,Naseby,21,Rural settlement,0.86039066,0.86039066
2205,Ranfurly,Ranfurly,21,Rural settlement,3.861417831,3.861417831
2206,Ettrick,Ettrick,21,Rural settlement,8.166298721,8.166298721
2207,Millers Flat,Millers Flat,21,Rural settlement,0.994981986,0.994981986
2208,Glenorchy,Glenorchy,21,Rural settlement,3.932347143,3.932347143
2209,Other rural Queenstown-Lakes District,Other rural Queenstown-Lakes District,22,Rural other,8599.259917,8599.259917
2210,Inland water Queenstown-Lakes District,Inland water Queenstown-Lakes District,31,Inland water,0,655.459083
2211,Arthurs Point,Arthurs Point,14,Small urban area,5.523264314,5.523264314
2212,Wānaka,Wanaka,14,Small urban area,28.61178545,28.61178545
2213,Lake Hāwea,Lake Hawea,14,Small urban area,2.391222799,2.391222799
2214,Millbrook,Millbrook,21,Rural settlement,3.318041483,3.318041483
2215,Hāwea Flat,Hawea Flat,21,Rural settlement,16.65683956,16.65683956
2216,Arrowtown,Arrowtown,14,Small urban area,2.362261053,2.362261053
2217,Queenstown,Queenstown,13,Medium urban area,28.33645992,28.33645992
2218,Lake Hayes,Lake Hayes,14,Small urban area,10.89573598,10.89573598
2219,Jacks Point,Jacks Point,21,Rural settlement,14.47995061,14.47995061
2220,Luggate,Luggate,21,Rural settlement,1.190659123,1.190659123
2221,Kingston,Kingston,21,Rural settlement,2.775941182,2.775941182
2222,Middlemarch,Middlemarch,21,Rural settlement,1.054633742,1.054633742
2223,Other rural Dunedin City,Other rural Dunedin City,22,Rural other,3142.558072,3142.558072
2224,Outram,Outram,21,Rural settlement,0.797924162,0.797924162
2225,Waikouaiti,Waikouaiti,14,Small urban area,7.328302628,7.328302628
2226,Karitāne,Karitane,21,Rural settlement,1.293395268,1.293395268
2227,Allanton,Allanton,21,Rural settlement,0.754838127,0.754838127
2228,Warrington,Warrington,21,Rural settlement,7.391153422,7.391153422
2229,Mosgiel,Mosgiel,13,Medium urban area,16.96627595,16.96627595
2230,Waitati-Doctors Point,Waitati-Doctors Point,21,Rural settlement,2.694270931,2.694270931
2231,Pūrākaunui,Purakaunui,21,Rural settlement,2.842369106,2.842369106
2232,Brighton,Brighton,14,Small urban area,3.398189615,3.398189615
2233,Dunedin,Dunedin,11,Major urban area,91.57711754,91.57711754
2234,Inlets Dunedin City,Inlets Dunedin City,32,Inlet,0,64.16311694
2235,Aramoana,Aramoana,21,Rural settlement,0.452104245,0.452104245
2236,Harwood,Harwood,21,Rural settlement,1.512241362,1.512241362
2237,Ōtākou-Harington Point,Otakou-Harington Point,21,Rural settlement,5.65153875,5.65153875
2238,Tapanui,Tapanui,21,Rural settlement,1.973235061,1.973235061
2239,Lawrence,Lawrence,21,Rural settlement,2.192220466,2.192220466
2240,Other rural Clutha District,Other rural Clutha District,22,Rural other,6307.280123,6307.280123
2241,Clinton,Clinton,21,Rural settlement,0.718988487,0.718988487
2242,Inland water Clutha District,Inland water Clutha District,31,Inland water,0,27.77781002
2243,Balclutha,Balclutha,14,Small urban area,7.547365272,7.547365272
2244,Waihola,Waihola,21,Rural settlement,1.6342628,1.6342628
2245,Benhar,Benhar,21,Rural settlement,0.711571389,0.711571389
2246,Milton,Milton,14,Small urban area,4.164860251,4.164860251
2247,Stirling,Stirling,21,Rural settlement,0.995830273,0.995830273
2248,Kaitangata,Kaitangata,21,Rural settlement,2.537823153,2.537823153
2249,Taieri Mouth,Taieri Mouth,21,Rural settlement,3.246282052,3.246282052
2250,Owaka,Owaka,21,Rural settlement,0.75967076,0.75967076
2251,Kaka Point,Kaka Point,21,Rural settlement,0.360955191,0.360955191
2252,Inlet Clutha District,Inlet Clutha District,32,Inlet,0,7.2337968
2253,Pounawea,Pounawea,21,Rural settlement,0.371760765,0.371760765
2254,Inland water Southland District,Inland water Southland District,31,Inland water,0,645.9591086
2255,Te Ānau,Te Anau,14,Small urban area,5.574697535,5.574697535
2256,Manapōuri,Manapouri,21,Rural settlement,1.363707878,1.363707878
2257,Other rural Southland District,Other rural Southland District,22,Rural other,29483.3293,29483.3293
2258,Mossburn,Mossburn,21,Rural settlement,1.335157158,1.335157158
2259,Ōhai,Ohai,21,Rural settlement,1.100475533,1.100475533
2260,Tuatapere,Tuatapere,21,Rural settlement,1.995661964,1.995661964
2261,Nightcaps,Nightcaps,21,Rural settlement,3.190108157,3.190108157
2262,Lumsden,Lumsden,21,Rural settlement,3.632895782,3.632895782
2263,Ōtautau,Otautau,21,Rural settlement,2.600040935,2.600040935
2264,Balfour,Balfour,21,Rural settlement,0.48461308,0.48461308
2265,Waikaia,Waikaia,21,Rural settlement,1.25682117,1.25682117
2266,Winton,Winton,14,Small urban area,3.07718766,3.07718766
2267,Riversdale,Riversdale,21,Rural settlement,1.68961431,1.68961431
2268,Riverton,Riverton,14,Small urban area,8.744702134,8.744702134
2269,Wallacetown,Wallacetown,21,Rural settlement,0.869530284,0.869530284
2270,Woodlands,Woodlands,21,Rural settlement,24.0102359,24.0102359
2271,Edendale,Edendale,21,Rural settlement,2.917578894,2.917578894
2272,Wyndham,Wyndham,21,Rural settlement,2.94780468,2.94780468
2273,Oban,Oban,21,Rural settlement,2.590019694,2.590019694
2274,Other rural Gore District,Other rural Gore District,22,Rural other,1234.768922,1234.768922
2275,Gore,Gore,14,Small urban area,13.7629166,13.7629166
2276,Mataura,Mataura,14,Small urban area,5.320475153,5.320475153
2277,Inlets Southland District,Inlets Southland District,32,Inlet,0,991.31873
2278,Invercargill,Invercargill,12,Large urban area,60.69698969,60.69698969
2279,Kennington,Kennington,21,Rural settlement,1.164788839,1.164788839
2280,Other rural Invercargill City,Other rural Invercargill City,22,Rural other,317.9199917,317.9199917
2281,Bluff,Bluff,14,Small urban area,10.09864684,10.09864684
2282,Island Canterbury Region,Island Canterbury Region,22,Rural other,0.081474198,0.081474198
6001,Oceanic Auckland Region,Oceanic Auckland Region,33,Oceanic,0,10207.27558
6002,Oceanic Tasman Region,Oceanic Tasman Region,33,Oceanic,0,5002.71549
6003,Oceanic Marlborough District,Oceanic Marlborough District,33,Oceanic,0,1699.054529
6004,Oceanic Chatham Islands,Oceanic Chatham Islands,33,Oceanic,0,12583.83822
6005,Oceanic Three Kings Islands,Oceanic Three Kings Islands,33,Oceanic,0,2176.844456
6006,Oceanic Northland Region,Oceanic Northland Region,33,Oceanic,0,16289.03854
6007,Oceanic Waikato Region,Oceanic Waikato Region,33,Oceanic,0,10064.07771
6008,Oceanic Taranaki Region,Oceanic Taranaki Region,33,Oceanic,0,5440.615004
6009,Oceanic Bay of Plenty Region,Oceanic Bay of Plenty Region,33,Oceanic,0,9370.260093
6010,Oceanic West Coast Region,Oceanic West Coast Region,33,Oceanic,0,12985.24112
6011,Oceanic Nelson Region,Oceanic Nelson Region,33,Oceanic,0,787.5746706
6012,Oceanic Marlborough Region,Oceanic Marlborough Region,33,Oceanic,0,5204.214574
6013,Oceanic Manawatū-Whanganui Region,Oceanic Manawatu-Whanganui Region,33,Oceanic,0,3101.553414
6014,Oceanic Gisborne Region,Oceanic Gisborne Region,33,Oceanic,0,5603.757047
6015,Oceanic Southland Region,Oceanic Southland Region,33,Oceanic,0,22404.25959
6016,Oceanic Hawke's Bay Region,Oceanic Hawke's Bay Region,33,Oceanic,0,7252.097241
6017,Oceanic Wellington Region,Oceanic Wellington Region,33,Oceanic,0,7732.447883
6018,Oceanic Canterbury Region,Oceanic Canterbury Region,33,Oceanic,0,11441.98132
6019,Oceanic Otago Region,Oceanic Otago Region,33,Oceanic,0,6538.074073
6901,Oceanic outside region,Oceanic outside region,33,Oceanic,0,0
6902,Oceanic oil rigs,Oceanic oil rigs,33,Oceanic,0,0
6903,Islands outside region,Islands outside region,22,Rural other,0,0
6904,Ross Dependency outside region,Ross Dependency outside region,33,Oceanic,0,0
